{
  "project_info": {
    "project_number": "805600528985",
    "firebase_url": "https://scorekeeper-20d1b.firebaseio.com",
    "project_id": "scorekeeper-20d1b",
    "storage_bucket": "scorekeeper-20d1b.appspot.com"
  },
  "client": [
    {
      "client_info": {
        "mobilesdk_app_id": "1:805600528985:android:069ece774b0e9754c5ff48",
        "android_client_info": {
          "package_name": "fr.mds.scorekeeper"
        }
      },
      "oauth_client": [
        {
          "client_id": "805600528985-q0e0n57oigng4i1uvnaagkvgcg0thkcv.apps.googleusercontent.com",
          "client_type": 3
        }
      ],
      "api_key": [
        {
          "current_key": "AIzaSyAoI5XGffC7fAlShaW5YtZF-9orC7rSF7g"
        }
      ],
      "services": {
        "appinvite_service": {
          "other_platform_oauth_client": [
            {
              "client_id": "805600528985-q0e0n57oigng4i1uvnaagkvgcg0thkcv.apps.googleusercontent.com",
              "client_type": 3
            }
          ]
        }
      }
    }
  ],
  "configuration_version": "1"
}