{
  "project_info": {
    "project_number": "340958245229",
    "firebase_url": "https://hellonotificationibrahima.firebaseio.com",
    "project_id": "hellonotificationibrahima",
    "storage_bucket": "hellonotificationibrahima.appspot.com"
  },
  "client": [
    {
      "client_info": {
        "mobilesdk_app_id": "1:340958245229:android:fca6881d5f1af89991ea64",
        "android_client_info": {
          "package_name": "fr.mds.testnotificationproject"
        }
      },
      "oauth_client": [
        {
          "client_id": "340958245229-1drh7l2q4v0d3t4ams2f9tb94qnheu30.apps.googleusercontent.com",
          "client_type": 3
        }
      ],
      "api_key": [
        {
          "current_key": "AIzaSyDGV0Sph_xp049ejTMzAwMYGoxpRAwTBls"
        }
      ],
      "services": {
        "appinvite_service": {
          "other_platform_oauth_client": [
            {
              "client_id": "340958245229-1drh7l2q4v0d3t4ams2f9tb94qnheu30.apps.googleusercontent.com",
              "client_type": 3
            }
          ]
        }
      }
    }
  ],
  "configuration_version": "1"
}