{
  "project_info": {
    "project_number": "814873655076",
    "firebase_url": "https://droidecafe.firebaseio.com",
    "project_id": "droidecafe",
    "storage_bucket": "droidecafe.appspot.com"
  },
  "client": [
    {
      "client_info": {
        "mobilesdk_app_id": "1:814873655076:android:fe97770718c7d10d6ca5b1",
        "android_client_info": {
          "package_name": "fr.mds.droidecafe"
        }
      },
      "oauth_client": [
        {
          "client_id": "814873655076-30vkd7n60qeiaj2er7jtci7lk9gpac14.apps.googleusercontent.com",
          "client_type": 3
        }
      ],
      "api_key": [
        {
          "current_key": "AIzaSyBDDXWvIzEB4L1UXC0lsu98zJ-dzXal8Qo"
        }
      ],
      "services": {
        "appinvite_service": {
          "other_platform_oauth_client": [
            {
              "client_id": "814873655076-30vkd7n60qeiaj2er7jtci7lk9gpac14.apps.googleusercontent.com",
              "client_type": 3
            }
          ]
        }
      }
    }
  ],
  "configuration_version": "1"
}