{
  "project_info": {
    "project_number": "492142831747",
    "firebase_url": "https://pokemontcg-226d8.firebaseio.com",
    "project_id": "pokemontcg-226d8",
    "storage_bucket": "pokemontcg-226d8.appspot.com"
  },
  "client": [
    {
      "client_info": {
        "mobilesdk_app_id": "1:492142831747:android:c042ed2d579549611b93b6",
        "android_client_info": {
          "package_name": "fr.mds.pockemontcg"
        }
      },
      "oauth_client": [
        {
          "client_id": "492142831747-frs13h8361mklrobq9klbggfacmvvjao.apps.googleusercontent.com",
          "client_type": 3
        }
      ],
      "api_key": [
        {
          "current_key": "AIzaSyBU_CmOzX_n87HkHyniqlYB2rHsIIJOUww"
        }
      ],
      "services": {
        "appinvite_service": {
          "other_platform_oauth_client": [
            {
              "client_id": "492142831747-frs13h8361mklrobq9klbggfacmvvjao.apps.googleusercontent.com",
              "client_type": 3
            }
          ]
        }
      }
    }
  ],
  "configuration_version": "1"
}